City_ID,City,Country,Lat,Lng,Max Temp,Humidity,Cloudiness,Wind Speed,Current Description
0,Ushuaia,AR,-54.8,-68.3,48.2,53,75,9.22,light rain
1,Rikitea,PF,-23.1203,-134.9692,74.5,61,14,8.41,few clouds
2,Haines Junction,CA,60.7522,-137.5108,46.4,71,100,8.05,light rain
3,Benghazi,LY,32.1167,20.0667,72.66,41,0,5.82,clear sky
4,Khatanga,RU,71.9667,102.5,22.69,81,100,13.35,overcast clouds
5,Hobart,AU,-42.8794,147.3294,62.6,48,20,18.41,few clouds
6,Vaini,TO,-21.2,-175.2,78.8,89,40,5.75,scattered clouds
7,Albany,US,42.6001,-73.9662,57.0,77,44,3.02,scattered clouds
8,Nikolskoye,RU,59.7035,30.7861,61.0,94,40,4.47,fog
9,Dikson,RU,73.5069,80.5464,23.18,88,95,5.44,overcast clouds
10,New Norfolk,AU,-42.7826,147.0587,62.01,68,77,5.01,broken clouds
11,Bredasdorp,ZA,-34.5322,20.0403,42.8,93,99,5.75,overcast clouds
12,Phangnga,TH,8.4509,98.5298,91.0,89,75,8.05,broken clouds
13,Show Low,US,34.2542,-110.0298,53.6,37,20,5.75,few clouds
14,Namatanai,PG,-3.6667,152.4333,86.13,67,23,10.49,light rain
15,Yellowknife,CA,62.456,-114.3525,35.6,55,75,14.97,broken clouds
16,Katsuura,JP,35.1333,140.3,77.0,65,75,14.97,broken clouds
17,Bethel,US,41.3712,-73.414,55.99,76,1,2.46,clear sky
18,Arraial Do Cabo,BR,-22.9661,-42.0278,68.0,88,0,8.86,clear sky
19,Port Alfred,ZA,-33.5906,26.891,56.1,71,1,8.37,clear sky
20,Tasiilaq,GL,65.6145,-37.6368,24.8,74,3,3.78,clear sky
21,Sabang,ID,5.8933,95.3214,83.19,70,100,10.8,overcast clouds
22,Bengkulu,ID,-3.8004,102.2655,83.39,69,45,2.86,scattered clouds
23,San Patricio,US,28.017,-97.5169,80.6,89,90,18.41,overcast clouds
24,Mahebourg,MU,-20.4081,57.7,73.4,83,40,4.61,scattered clouds
25,Bluff,NZ,-46.6,168.3333,45.0,80,100,21.0,overcast clouds
26,Cherskiy,RU,68.75,161.3,44.53,53,69,14.43,broken clouds
27,Lebu,CL,-37.6167,-73.65,53.28,58,100,3.0,overcast clouds
28,Chokurdakh,RU,70.6333,147.9167,32.05,100,100,9.13,overcast clouds
29,Parabel,RU,58.6978,81.4825,47.44,91,100,10.13,overcast clouds
30,Borovskoy,KZ,53.8,64.15,73.53,46,83,6.13,broken clouds
31,Severo-Kurilsk,RU,50.6789,156.125,39.18,81,52,12.57,broken clouds
32,Husavik,IS,66.0449,-17.3389,33.8,69,90,10.36,overcast clouds
33,Yuzhno-Kurilsk,RU,44.0306,145.8556,49.06,70,53,5.39,broken clouds
34,Ribeira Grande,PT,38.5167,-28.7,61.84,86,100,14.67,overcast clouds
35,Cape Town,ZA,-33.9258,18.4232,52.0,93,0,3.44,clear sky
36,Mataura,NZ,-46.1927,168.8643,45.0,80,100,21.0,overcast clouds
37,Port Blair,IN,11.6667,92.75,87.55,65,99,3.4,overcast clouds
38,Mezen,RU,65.8522,44.24,59.65,64,66,4.5,broken clouds
39,Namibe,AO,-15.1961,12.1522,73.53,48,6,7.29,clear sky
40,Phanom Sarakham,TH,13.7479,101.3553,91.99,71,98,7.87,overcast clouds
41,Vestmanna,FO,62.1564,-7.1664,39.2,87,20,23.02,few clouds
42,Tiksi,RU,71.6872,128.8694,31.59,94,100,17.36,overcast clouds
43,Geraldton,AU,-28.7667,114.6,71.6,83,90,5.75,light rain
44,Punta Arenas,CL,-53.15,-70.9167,44.6,93,75,5.75,broken clouds
45,Washougal,US,45.5826,-122.3534,55.99,82,100,3.0,overcast clouds
46,Puerto Escondido,MX,15.85,-97.0667,83.82,75,15,5.77,few clouds
47,Sao Miguel Do Araguaia,BR,-13.275,-50.1628,76.41,46,98,3.62,overcast clouds
48,Port Hawkesbury,CA,45.6169,-61.3485,46.0,100,90,6.91,overcast clouds
49,Bahia Honda,CU,22.9036,-83.1592,75.04,85,100,11.48,overcast clouds
50,Beisfjord,NO,68.3751,17.5988,46.4,93,90,12.66,light rain
51,Pangnirtung,CA,66.1451,-65.7125,33.71,75,100,19.33,overcast clouds
52,Miles City,US,46.4083,-105.8406,68.0,45,1,18.41,clear sky
53,Atuona,PF,-9.8,-139.0333,79.23,71,14,12.39,few clouds
54,Busselton,AU,-33.65,115.3333,66.0,90,66,1.01,broken clouds
55,Tuktoyaktuk,CA,69.4541,-133.0374,35.6,75,75,14.97,broken clouds
56,Caravelas,BR,-17.7125,-39.2481,69.64,80,100,3.53,overcast clouds
57,Narsaq,GL,60.9167,-46.05,33.8,75,20,4.61,few clouds
58,Kapaa,US,22.0752,-159.319,77.0,65,1,21.85,clear sky
59,Nhulunbuy,AU,-12.2333,136.7667,84.2,61,40,16.11,scattered clouds
60,Lichtenstein,DE,50.75,12.65,51.01,83,93,12.41,overcast clouds
61,Palmer,US,42.1584,-72.3287,54.0,82,1,2.84,clear sky
62,Dzhebariki-Khaya,RU,62.2167,135.8,43.88,35,100,5.73,overcast clouds
63,Victoria,HK,22.2855,114.1577,91.0,79,95,1.99,overcast clouds
64,Castro,BR,-24.7911,-50.0119,50.65,93,3,3.06,clear sky
65,Upernavik,GL,72.7868,-56.1549,30.06,96,100,4.88,overcast clouds
66,Hamilton,US,39.1834,-84.5333,61.0,88,1,4.61,clear sky
67,Along,IN,28.1667,94.7667,71.67,96,100,0.98,overcast clouds
68,Mar Del Plata,AR,-38.0023,-57.5575,51.01,93,40,3.44,scattered clouds
69,Hermanus,ZA,-34.4187,19.2345,52.0,77,83,4.0,broken clouds
70,Henties Bay,NA,-22.116,14.2845,62.26,75,48,5.41,scattered clouds
71,Burnie,AU,-41.0667,145.9167,61.0,63,61,4.0,broken clouds
72,Marystown,CA,47.1666,-55.1483,38.88,84,77,3.13,broken clouds
73,Pisco,PE,-13.7,-76.2167,63.0,88,90,3.44,mist
74,Barrow,US,71.2906,-156.7887,30.2,80,90,5.75,overcast clouds
75,Punta Alta,AR,-38.8759,-62.0736,51.33,71,100,6.82,overcast clouds
76,Jamestown,US,42.097,-79.2353,55.4,54,1,9.22,clear sky
77,Tarancon,ES,40.0085,-3.0073,57.99,51,80,11.99,broken clouds
78,Carnarvon,AU,-24.8667,113.6333,82.4,36,77,8.05,broken clouds
79,Salinas,US,36.6777,-121.6555,55.4,76,90,12.66,overcast clouds
80,Port Lincoln,AU,-34.7333,135.8667,64.62,41,100,11.74,overcast clouds
81,Nome,US,64.5011,-165.4064,37.0,86,90,6.91,overcast clouds
82,Khani,GE,41.9563,42.9566,59.0,94,0,9.22,clear sky
83,Georgetown,MY,5.4112,100.3354,87.01,74,20,2.3,few clouds
84,Saskylakh,RU,71.9167,114.0833,32.38,92,100,14.9,overcast clouds
85,Buchanan,LR,5.8808,-10.0467,78.21,87,91,3.8,moderate rain
86,Deniliquin,AU,-35.5333,144.9667,62.73,44,11,4.12,few clouds
87,Hilo,US,19.7297,-155.09,78.8,57,75,6.91,broken clouds
88,Kavieng,PG,-2.5744,150.7967,84.78,72,32,11.65,light rain
89,Poum,NC,-20.2333,164.0167,75.76,74,100,11.95,light rain
90,East London,ZA,-33.0153,27.9116,53.6,66,0,8.05,clear sky
91,Saint-Philippe,RE,-21.3585,55.7679,75.2,46,0,9.22,clear sky
92,Luau,AO,-10.7073,22.2247,57.79,65,8,3.6,clear sky
93,Aripuana,BR,-9.1667,-60.6333,73.78,76,100,1.72,overcast clouds
94,Portland,US,45.5234,-122.6762,57.2,62,90,3.44,overcast clouds
95,Deputatskiy,RU,69.3,139.9,29.91,96,100,6.46,overcast clouds
96,Port Elizabeth,ZA,-33.918,25.5701,46.4,87,0,2.3,clear sky
97,Palimbang,PH,6.2106,124.1894,82.42,85,99,3.76,overcast clouds
98,Kayerkan,RU,69.3497,87.7602,18.72,92,96,9.15,overcast clouds
99,Ancud,CL,-41.8697,-73.8203,51.01,93,0,4.61,clear sky
100,Faanui,PF,-16.4833,-151.75,81.39,75,37,15.55,scattered clouds
101,Kamaishi,JP,39.2667,141.8833,73.4,49,75,3.44,broken clouds
102,Talnakh,RU,69.4865,88.3972,22.08,82,38,6.85,scattered clouds
103,Omsukchan,RU,62.5333,155.8,32.52,86,100,4.61,overcast clouds
104,Laguna,US,38.421,-121.4238,63.0,63,1,6.91,clear sky
105,Dawei,MM,14.0833,98.2,89.96,65,48,6.04,scattered clouds
106,Nanortalik,GL,60.1432,-45.2371,36.86,79,40,0.74,scattered clouds
107,Luwero,UG,0.8492,32.4731,63.32,98,96,0.83,light rain
108,Iwaki,JP,37.05,140.8833,68.0,73,75,6.91,moderate rain
109,Hovd,MN,48.0056,91.6419,65.12,28,38,6.02,scattered clouds
110,Zhuhai,CN,22.2769,113.5678,93.2,74,40,16.11,scattered clouds
111,Vardo,NO,70.3705,31.1107,41.0,93,40,6.91,scattered clouds
112,Bilibino,RU,68.0546,166.4372,36.03,76,55,3.31,broken clouds
113,Constitucion,CL,-35.3333,-72.4167,55.63,60,98,3.0,overcast clouds
114,Sri Aman,MY,1.2376,111.4621,86.0,79,40,0.89,scattered clouds
115,Lorengau,PG,-2.0226,147.2712,85.78,70,16,8.48,few clouds
116,Avarua,CK,-21.2078,-159.775,75.2,94,75,11.5,light rain
117,Cairns,AU,-16.9167,145.7667,82.0,65,90,18.41,overcast clouds
118,Chuy,UY,-33.6971,-53.4616,50.14,87,90,6.76,overcast clouds
119,Puerto Ayora,EC,-0.7393,-90.3518,75.0,96,55,4.0,broken clouds
120,Cayenne,GF,4.9333,-52.3333,77.0,94,90,1.14,overcast clouds
121,San Cristobal,VE,7.7669,-72.225,66.76,89,100,3.29,overcast clouds
122,Richmond Hill,CA,43.8711,-79.4372,59.0,68,51,2.62,broken clouds
123,Kano,NG,12.0001,8.5167,80.6,69,0,8.05,clear sky
124,Kuryk,KZ,43.2,51.65,81.07,17,24,24.94,few clouds
125,Qostanay,KZ,53.1667,63.5833,75.2,43,0,4.47,clear sky
126,Wuda,CN,39.4994,106.7117,74.75,11,34,3.18,scattered clouds
127,Dori,BF,14.0354,-0.0345,90.75,20,17,9.53,few clouds
128,Tiznit,MA,29.5833,-9.5,69.66,51,77,2.28,broken clouds
129,Iralaya,HN,15.0,-83.2333,79.9,77,15,8.59,few clouds
130,Kodiak,US,57.79,-152.4072,50.54,64,68,4.16,broken clouds
131,Alugan,PH,12.2188,125.4808,83.57,84,100,11.86,overcast clouds
132,Verkhnevilyuysk,RU,63.4453,120.3167,36.23,28,100,6.58,overcast clouds
133,Sabya,SA,17.1495,42.6254,84.2,79,25,5.75,scattered clouds
134,Zheleznodorozhnyy,RU,55.7503,38.0042,66.2,55,0,8.95,light rain
135,Cimislia,MD,46.52,28.7842,57.2,94,0,5.75,clear sky
136,Kathmandu,NP,27.7167,85.3167,75.2,60,75,2.3,haze
137,Coihaique,CL,-45.5752,-72.0662,41.0,93,0,1.81,clear sky
138,Khagaria,IN,25.5,86.4833,99.57,31,82,10.38,broken clouds
139,Bubaque,GW,11.2833,-15.8333,77.49,74,89,10.27,overcast clouds
140,Bilma,NE,18.6853,12.9164,84.4,10,0,15.68,clear sky
141,Saint-Pierre,RE,-21.3393,55.4781,75.2,46,0,9.22,clear sky
142,Udachnyy,RU,66.4167,112.4,28.85,93,100,17.87,light snow
143,Dondo,MZ,-19.6094,34.7431,73.4,94,90,3.29,fog
144,Rocha,UY,-34.4833,-54.3333,48.38,86,94,4.79,overcast clouds
145,Thompson,CA,55.7435,-97.8558,37.4,70,90,9.22,overcast clouds
146,Broken Hill,AU,-31.95,141.4333,60.8,44,0,3.44,clear sky
147,Quipile,CO,4.7481,-74.5631,53.6,100,75,3.44,broken clouds
148,Bako,ET,5.7833,36.5667,63.46,85,92,4.36,overcast clouds
149,Marawi,PH,7.9986,124.2928,84.99,71,99,3.85,heavy intensity rain
150,Mount Gambier,AU,-37.8333,140.7667,57.2,82,90,9.22,overcast clouds
151,Rafaela,AR,-31.2503,-61.4867,57.0,55,100,1.01,overcast clouds
152,Hokitika,NZ,-42.7167,170.9667,49.08,77,100,22.24,overcast clouds
153,Yurga,RU,55.7231,84.8861,63.86,74,79,20.74,light rain
154,Gat,IL,31.61,34.7642,66.0,100,0,4.0,clear sky
155,Suntar,RU,62.1444,117.6319,35.71,41,100,8.37,light snow
156,Morehead,US,37.2711,-87.1764,66.2,72,90,3.44,overcast clouds
157,Aksarka,RU,66.5606,67.7975,32.38,67,92,11.34,overcast clouds
158,Longyearbyen,SJ,78.2186,15.6401,23.0,74,75,4.61,broken clouds
159,Nong Kung Si,TH,16.65,103.3,93.99,96,99,7.54,overcast clouds
160,Souillac,MU,-20.5167,57.5167,73.4,83,40,4.61,scattered clouds
161,Oktyabrskiy,RU,54.4815,53.471,73.58,47,38,3.11,scattered clouds
162,Mehamn,NO,71.0357,27.8492,39.2,100,90,8.05,overcast clouds
163,Kamenka,RU,51.3223,42.7678,64.33,57,91,11.45,overcast clouds
164,Khowst,AF,33.3833,69.8833,76.03,39,1,3.96,clear sky
165,Kjopsvik,NO,68.097,16.3742,48.99,93,90,12.66,light rain
166,Bathsheba,BB,13.2167,-59.5167,80.6,69,40,18.41,scattered clouds
167,Hithadhoo,MV,-0.6,73.0833,83.84,74,13,5.44,few clouds
168,Archidona,ES,37.0965,-4.3887,64.99,86,34,2.73,scattered clouds
169,Kerman,IR,30.2832,57.0788,64.4,29,20,1.43,few clouds
170,Erdaojiang,CN,41.7764,126.0319,77.88,23,0,12.3,clear sky
171,Almaznyy,RU,48.0448,40.045,60.8,100,40,11.18,light rain
172,Plouzane,FR,48.3833,-4.6167,50.0,93,75,3.44,broken clouds
173,Kahului,US,20.8947,-156.47,71.6,78,40,12.66,light rain
174,Wanning,CN,18.8003,110.3967,90.72,61,99,11.95,overcast clouds
175,Vendome,FR,47.8,1.0667,46.4,93,75,8.05,broken clouds
176,Vao,NC,-22.6667,167.4833,72.41,67,85,18.39,overcast clouds
177,Hasaki,JP,35.7333,140.8333,72.0,73,75,14.97,light rain
178,Fairbanks,US,64.8378,-147.7164,55.4,54,40,6.91,scattered clouds
179,Faya,SA,18.3851,42.4509,68.0,26,0,3.94,clear sky
180,Flinders,AU,-34.5833,150.8552,68.0,57,0,4.0,clear sky
181,Kalaleh,IR,37.3807,55.4916,75.2,38,0,4.61,clear sky
182,Meulaboh,ID,4.1363,96.1285,77.9,89,100,7.83,moderate rain
183,Mayo,US,38.8876,-76.5119,60.8,82,1,5.37,clear sky
184,Korla,CN,41.7597,86.1469,69.49,29,6,5.23,clear sky
185,Sikonge,TZ,-5.6333,32.7667,66.2,82,20,11.5,few clouds
186,Chara,RU,56.9064,118.2631,33.46,26,86,2.75,overcast clouds
187,Brokopondo,SR,4.75,-55.1667,76.21,90,83,8.66,broken clouds
188,Ponta Do Sol,PT,32.6667,-17.1,61.0,73,59,4.0,broken clouds
189,Pleszew,PL,51.8964,17.7855,48.51,95,100,10.13,light rain
190,Margate,GB,51.3813,1.3862,46.99,80,83,1.01,broken clouds
191,Codrington,AU,-38.2667,141.9667,62.01,55,21,8.3,few clouds
192,Le Port,RE,-20.9373,55.2919,75.2,68,0,10.36,clear sky
193,Macusani,PE,-14.0833,-70.4333,29.84,94,83,1.12,broken clouds
194,Buin,CL,-33.7333,-70.75,64.0,93,40,8.05,mist
195,Kapit,MY,2.0167,112.9333,89.13,66,98,1.07,overcast clouds
196,Camopi,GF,3.1655,-52.3158,71.62,99,100,1.16,overcast clouds
197,Columbia,US,34.0007,-81.0348,70.0,64,1,6.04,clear sky
198,Nouadhibou,MR,20.931,-17.0347,68.0,83,0,19.57,clear sky
199,Kashi,CN,39.4547,75.9797,69.8,19,0,2.24,clear sky
200,Anadyr,RU,64.75,177.4833,33.8,93,75,15.66,fog
201,Alyangula,AU,-13.8483,136.4192,86.0,48,64,10.36,broken clouds
202,Atar,MR,20.5169,-13.0499,86.94,16,80,11.86,broken clouds
203,Bermejo,AR,-32.8833,-68.8,53.6,71,0,4.61,clear sky
204,Road Town,VG,18.4167,-64.6167,80.01,87,9,1.99,clear sky
205,Changji,CN,44.0167,87.3167,77.0,22,0,4.47,clear sky
206,Plettenberg Bay,ZA,-34.0527,23.3716,54.63,55,61,4.76,broken clouds
207,Vallenar,CL,-28.5708,-70.7581,61.54,72,42,1.12,scattered clouds
208,Bulri,PK,24.8667,68.3333,97.45,29,100,13.33,overcast clouds
209,Beringovskiy,RU,63.05,179.3167,34.88,90,85,5.46,overcast clouds
210,Gizo,SB,-8.103,156.8419,85.96,68,87,6.29,overcast clouds
211,Petapa,GT,14.5028,-90.5517,68.0,83,40,6.91,scattered clouds
212,Najran,SA,17.4924,44.1277,77.0,19,0,4.85,clear sky
213,Yerbogachen,RU,61.2767,108.0108,31.64,43,100,13.04,overcast clouds
214,Coolum Beach,AU,-26.5333,153.1,71.01,75,97,7.0,overcast clouds
215,Kintampo,GH,8.0563,-1.7306,72.1,90,27,5.48,scattered clouds
216,Upata,VE,8.0086,-62.3989,77.0,93,100,1.99,overcast clouds
217,Acarau,BR,-2.8856,-40.12,76.17,87,1,9.04,clear sky
218,Kurilsk,RU,45.2333,147.8833,48.96,53,76,3.76,broken clouds
219,Labuan,MY,5.2767,115.2417,82.4,89,40,2.3,moderate rain
220,Matara,LK,5.9485,80.5353,87.12,67,29,9.17,scattered clouds
221,Luanda,AO,-8.8368,13.2343,78.8,89,75,2.3,broken clouds
222,Neuquen,AR,-38.9516,-68.0591,48.2,81,0,2.3,clear sky
223,Hervey Bay,AU,-25.2986,152.8535,73.99,57,14,5.01,few clouds
224,Celestun,MX,20.8667,-90.4,82.11,74,68,13.22,broken clouds
225,Butaritari,KI,3.0707,172.7902,82.6,79,100,13.53,light rain
226,Miraflores,MX,19.2167,-98.8083,62.6,63,75,2.3,broken clouds
227,Bambous Virieux,MU,-20.3428,57.7575,75.99,83,40,4.61,scattered clouds
228,Qaanaaq,GL,77.484,-69.3632,21.92,92,98,4.76,overcast clouds
229,Ilulissat,GL,69.2167,-51.1,39.2,52,24,3.44,few clouds
230,Mega,ET,4.05,38.3,59.02,92,98,14.29,overcast clouds
231,Kikuchi,JP,32.9833,130.8167,68.0,94,75,3.44,light rain
232,Sindhnur,IN,15.7833,76.7667,86.11,51,72,10.78,broken clouds
233,Sohag,EG,26.557,31.6948,75.2,43,0,11.5,clear sky
234,Kaitangata,NZ,-46.2817,169.8464,44.01,77,100,11.01,overcast clouds
235,Norman Wells,CA,65.282,-126.8329,48.2,43,75,14.97,broken clouds
236,Klaksvik,FO,62.2266,-6.589,39.2,87,20,23.02,few clouds
237,Bandarbeyla,SO,9.4942,50.8122,83.26,75,52,16.6,broken clouds
238,Hofn,IS,64.2539,-15.2082,34.92,59,100,14.18,overcast clouds
239,Bonavista,CA,48.6499,-53.1147,34.0,93,95,1.14,overcast clouds
240,Khanpur,PK,28.6453,70.6567,97.3,28,7,10.85,clear sky
241,Inta,RU,66.0317,60.1659,40.12,46,100,4.76,overcast clouds
242,Okhotsk,RU,59.3833,143.3,35.6,87,100,3.85,overcast clouds
243,Agadir,MA,30.4202,-9.5982,64.4,94,100,9.22,overcast clouds
244,Maningrida,AU,-12.0667,134.2667,86.07,41,92,8.88,overcast clouds
245,Kinshasa,CD,-4.3246,15.3215,73.4,100,40,3.44,light rain
246,Manokwari,ID,-0.8667,134.0833,82.24,75,83,5.08,light rain
247,Rio Grande,BR,-32.035,-52.0986,48.0,95,14,9.57,few clouds
248,Vanimo,PG,-2.6741,141.3028,83.57,74,90,5.59,overcast clouds
249,Comodoro Rivadavia,AR,-45.8667,-67.5,44.6,81,0,3.44,clear sky
250,Pevek,RU,69.7008,170.3133,34.02,84,17,9.55,few clouds
251,Khuzhir,RU,53.1939,107.3397,40.95,59,84,3.33,broken clouds
252,Belmonte,BR,-15.8631,-38.8828,68.0,94,0,3.44,clear sky
253,Provideniya,RU,64.3833,-173.3,32.0,80,90,6.71,overcast clouds
254,Shache,CN,38.4167,77.2406,76.66,16,30,2.57,scattered clouds
255,Hermiston,US,45.8404,-119.2895,66.99,39,1,20.71,clear sky
256,Richards Bay,ZA,-28.783,32.0377,63.1,83,79,3.51,broken clouds
257,Dongsheng,CN,39.8161,109.9776,69.76,13,97,9.91,overcast clouds
258,Airai,TL,-8.9266,125.4092,70.0,65,98,3.02,overcast clouds
259,Mao,ES,39.8885,4.2658,51.8,87,0,4.61,clear sky
260,Zheshart,RU,62.0731,49.5733,58.98,62,31,3.53,scattered clouds
261,Yuzhou,CN,34.1628,113.4639,77.0,47,0,4.47,clear sky
262,Hay River,CA,60.8156,-115.7999,33.8,80,95,8.05,overcast clouds
263,Porto Novo,BJ,6.4965,2.6036,82.4,89,40,6.91,scattered clouds
264,Havre-Saint-Pierre,CA,50.2334,-63.5986,41.0,93,90,11.5,overcast clouds
265,Nabire,ID,-3.3667,135.4833,83.93,80,93,4.07,overcast clouds
266,Saint Anthony,US,45.0205,-93.218,66.99,45,1,3.44,clear sky
267,Goma,CD,-1.6792,29.2228,61.57,90,84,3.18,light rain
268,Valparaiso,CL,-33.0393,-71.6273,55.99,83,100,3.8,overcast clouds
269,Lasa,IT,46.6166,10.7002,41.0,87,0,4.61,clear sky
270,Chulakivka,UA,46.3576,32.3514,59.0,94,75,6.71,broken clouds
271,Loreto,MX,22.2667,-101.9667,70.77,32,59,9.24,broken clouds
272,Muisne,EC,0.6,-80.0333,76.51,86,100,7.18,overcast clouds
273,Fortuna,US,40.5982,-124.1573,52.0,93,1,9.22,clear sky
274,Fare,PF,-16.7,-151.0167,80.98,75,26,15.7,light rain
275,Saint George,US,37.1041,-113.5841,71.6,28,1,4.61,clear sky
276,Quang Ngai,VN,15.1167,108.8,97.97,44,72,12.82,broken clouds
277,Gazanjyk,TM,39.2446,55.5154,83.8,11,4,14.2,clear sky
278,Ayorou,NE,14.7308,0.9174,89.91,19,10,7.23,clear sky
279,Prado,BR,-17.3411,-39.2208,70.36,75,100,2.17,overcast clouds
280,Montepuez,MZ,-13.1256,38.9997,63.55,96,11,3.49,few clouds
281,Cabo San Lucas,MX,22.8909,-109.9124,77.0,80,0,12.82,clear sky
282,Bindura,ZW,-17.3019,31.3306,55.0,71,2,1.99,clear sky
283,Mandalgovi,MN,45.7625,106.2708,66.7,26,53,13.33,broken clouds
284,Sines,PT,37.9562,-8.8698,57.0,76,64,4.0,broken clouds
285,Eureka,US,40.8021,-124.1637,52.0,86,99,3.13,overcast clouds
286,Naron,ES,43.5167,-8.1528,57.2,94,75,11.5,light rain
287,College,US,64.8569,-147.8028,55.4,50,75,6.91,broken clouds
288,Gambo,CF,4.6482,22.2633,69.51,99,100,2.01,light rain
289,Saint-Georges,GD,12.0564,-61.7485,82.4,83,40,13.8,scattered clouds
290,Tuma,RU,55.148,40.5537,66.99,45,49,8.88,scattered clouds
291,Lufilufi,WS,-13.8745,-171.5986,89.6,70,40,9.22,light rain
292,Finschhafen,PG,-6.6024,147.8681,85.33,68,18,10.51,few clouds
293,Yatou,CN,37.15,122.3833,76.89,35,5,9.78,clear sky
294,Alberton,CA,46.8168,-64.0654,44.6,93,8,2.3,clear sky
295,Curanilahue,CL,-37.4667,-73.35,51.4,45,100,3.53,overcast clouds
296,Soto,AR,-32.8107,-61.4026,52.0,82,81,1.99,broken clouds
297,Berlevag,NO,70.8578,29.0864,39.2,100,90,8.05,overcast clouds
298,Borba,BR,-4.3878,-59.5939,73.11,97,61,1.14,broken clouds
299,Dingle,PH,10.9995,122.6711,90.09,59,100,10.76,light rain
300,Pangai,TO,-19.8,-174.35,82.4,69,20,16.11,few clouds
301,Torbay,CA,47.6666,-52.7314,34.0,100,40,5.75,scattered clouds
302,Goderich,CA,43.7501,-81.7165,60.8,51,10,4.61,clear sky
303,Sisimiut,GL,66.9395,-53.6735,36.12,76,28,2.86,scattered clouds
304,Jizan,SA,17.3333,42.6667,84.2,79,12,5.75,few clouds
305,Kondapalle,IN,16.6167,80.5333,91.4,70,40,6.91,scattered clouds
306,Manzhouli,CN,49.6,117.4333,61.36,28,86,16.46,overcast clouds
307,Port Hedland,AU,-20.3167,118.5667,86.0,17,57,16.11,broken clouds
308,Tuatapere,NZ,-46.1333,167.6833,45.0,80,100,21.0,overcast clouds
309,Pallasovka,RU,50.05,46.8833,71.83,39,3,15.01,clear sky
310,Asha,RU,54.9973,57.2722,68.54,63,56,3.74,broken clouds
311,Buckie,GB,57.6757,-2.9624,48.99,93,75,8.05,broken clouds
312,Karlskoga,SE,59.3267,14.5239,46.4,93,75,6.91,broken clouds
313,San Jose,US,37.3394,-121.895,60.8,67,20,6.91,few clouds
314,Zharkent,KZ,44.1628,80.0,72.73,31,0,9.17,clear sky
315,Arlit,NE,18.7369,7.3853,89.28,9,58,8.99,broken clouds
316,Nioro,GM,13.35,-15.75,77.38,54,96,5.12,overcast clouds
317,Dibombari,CM,4.1787,9.6561,75.2,100,75,5.75,moderate rain
318,Gualaceo,EC,-2.9,-78.7833,55.58,98,94,2.86,light rain
319,Batagay,RU,67.6333,134.6333,55.0,37,99,8.41,overcast clouds
320,Syava,RU,58.0146,46.3222,65.77,69,100,7.7,overcast clouds
321,Kuhdasht,IR,33.535,47.6061,59.0,41,0,4.61,clear sky
322,Alofi,NU,-19.0595,-169.9187,78.8,83,75,11.5,broken clouds
323,Makat,KZ,47.6469,53.3463,81.68,15,0,13.2,clear sky
324,Ishigaki,JP,24.3448,124.1572,86.0,79,20,16.11,few clouds
325,Sao Joao Da Barra,BR,-21.6403,-41.0511,70.3,86,88,9.22,overcast clouds
326,Saint-Augustin,CA,51.226,-58.6502,40.41,74,28,5.99,scattered clouds
327,Yakeshi,CN,49.2833,120.7333,61.05,36,100,13.44,overcast clouds
328,Townsville,AU,-19.25,146.8,80.6,50,75,14.97,broken clouds
329,Yulara,AU,-25.2406,130.9889,66.2,20,97,12.66,overcast clouds
330,Taoudenni,ML,22.6783,-3.9836,102.83,10,100,13.15,overcast clouds
331,Pacific Grove,US,36.6177,-121.9166,55.4,76,90,6.91,overcast clouds
332,Tommot,RU,58.9564,126.2925,42.06,36,100,5.91,overcast clouds
333,Mayskiy,RU,47.6931,40.1025,60.8,100,40,11.18,scattered clouds
334,Anloga,GH,5.7947,0.8973,82.4,83,20,5.75,few clouds
335,Podgornoye,RU,51.735,39.1496,66.2,42,0,8.95,clear sky
336,Linares,CL,-35.85,-71.6,53.51,55,85,1.45,overcast clouds
337,Leningradskiy,RU,69.3833,178.4167,32.29,89,89,10.51,overcast clouds
338,Totness,SR,5.8833,-56.3167,77.23,89,16,11.9,few clouds
339,Obo,CF,5.3998,26.4869,66.94,98,100,3.44,light rain
340,Naze,JP,28.3667,129.4833,80.6,89,75,16.11,moderate rain
341,Gravdal,NO,68.1214,13.5031,43.97,97,100,7.61,light rain
342,Maniitsoq,GL,65.4167,-52.9,37.04,71,6,6.17,clear sky
343,Chrastava,CZ,50.8169,14.9688,50.0,93,94,1.99,overcast clouds
344,Luganville,VU,-15.5333,167.1667,80.26,85,22,12.33,few clouds
345,San Rafael,AR,-34.6177,-68.3301,57.18,64,97,7.0,overcast clouds
346,Lagos,NG,6.5833,3.75,80.6,94,20,3.53,few clouds
347,Sao Jose Da Coroa Grande,BR,-8.8978,-35.1478,74.16,85,19,7.63,few clouds
348,Sola,VU,-13.8833,167.55,87.8,74,75,5.75,broken clouds
349,Yar-Sale,RU,66.8333,70.8333,29.3,82,86,11.16,overcast clouds
350,San Borja,BO,-14.8167,-66.85,69.19,97,44,3.18,scattered clouds
351,San Jose Del Guaviare,CO,2.5729,-72.6459,70.21,99,100,2.8,overcast clouds
352,Birin,NP,26.8865,88.0718,68.04,68,100,1.16,overcast clouds
353,Wageningen,NL,51.9667,5.6667,50.0,100,90,1.14,drizzle
354,Krasnoarmeysk,RU,51.0239,45.6969,65.59,50,6,7.29,clear sky
355,Falavarjan,IR,32.5553,51.5097,62.6,45,1,6.91,clear sky
356,Rahway,US,40.6082,-74.2776,64.4,45,1,3.44,clear sky
357,Menomonie,US,44.8755,-91.9193,57.2,67,1,4.61,clear sky
358,Pandan,PH,14.0453,124.1694,85.37,77,98,11.01,overcast clouds
359,Albanel,CA,48.8832,-72.4487,55.4,82,100,14.97,overcast clouds
360,Khuzdar,PK,27.7384,66.6434,82.6,18,0,1.43,clear sky
361,Hazorasp,UZ,41.3194,61.0742,75.2,27,0,9.22,clear sky
362,Kieta,PG,-6.2167,155.6333,86.05,69,49,7.72,scattered clouds
363,Phuket,TH,8.0,98.25,89.01,89,75,8.05,light rain
364,Petropavlovsk-Kamchatskiy,RU,53.0452,158.6483,57.2,41,36,8.95,scattered clouds
365,Takoradi,GH,4.8845,-1.7554,78.64,88,100,6.31,overcast clouds
366,Huaicheng,CN,23.9051,112.1931,82.83,76,90,1.57,overcast clouds
367,Senneterre,CA,48.3835,-77.2328,53.6,100,90,4.61,mist
368,Esperance,AU,-33.8667,121.9,69.8,49,100,9.22,overcast clouds
369,Narrabri,AU,-30.3167,149.7833,69.01,32,0,9.22,clear sky
370,Dudinka,RU,69.4058,86.1778,19.85,91,75,8.34,broken clouds
371,Dabat,ET,12.9842,37.765,61.5,50,39,2.42,scattered clouds
372,Taltal,CL,-25.4,-70.4833,61.12,82,44,1.5,scattered clouds
373,Bousse,BF,12.6606,-1.8922,89.6,58,0,10.36,clear sky
374,Sainte-Marie,RE,-20.8968,55.5496,73.4,68,0,10.36,clear sky
375,Sorland,NO,67.667,12.6934,43.23,98,100,9.4,light rain
376,Rodionovo-Nesvetayskaya,RU,47.6103,39.7121,60.8,100,40,11.18,scattered clouds
377,Ponta Delgada,PT,37.7333,-25.6667,62.6,88,75,9.22,broken clouds
378,Ormara,PK,25.2088,64.6357,92.01,42,4,4.79,clear sky
379,Mount Isa,AU,-20.7333,139.5,78.8,15,0,14.97,clear sky
380,Araouane,ML,18.9048,-3.5265,90.9,10,59,6.67,broken clouds
381,Coruripe,BR,-10.1256,-36.1756,75.85,85,63,5.64,broken clouds
382,Semlac,RO,46.1167,20.9333,52.0,87,20,14.97,few clouds
383,Poli,TZ,-3.3333,36.8,68.0,100,75,6.91,broken clouds
384,Zhuanghe,CN,39.7008,122.9911,71.15,47,0,7.07,clear sky
385,Payo,ID,-3.7508,103.6372,84.38,70,56,2.82,light rain
386,Hobyo,SO,5.3505,48.5268,81.01,79,98,18.01,overcast clouds
387,Conceicao Do Araguaia,BR,-8.2578,-49.2647,77.0,83,0,4.61,clear sky
388,Visnes,NO,59.3556,5.2242,44.6,93,90,4.61,overcast clouds
389,Tekeli,KZ,44.83,78.8239,65.68,39,0,1.66,clear sky
390,Augustow,PL,53.8432,22.9798,52.07,91,100,4.38,overcast clouds
391,Muli,MV,2.9167,73.5667,84.02,75,10,10.25,clear sky
392,Ramanuj Ganj,IN,23.8,83.7,99.16,28,39,2.73,scattered clouds
393,Pierreville,CA,46.0703,-72.8112,68.0,48,100,14.97,overcast clouds
394,Karla,EE,59.3723,24.9275,48.99,100,90,3.44,fog
395,Mogadishu,SO,2.0371,45.3438,79.34,86,72,17.22,broken clouds
396,Begoro,GH,6.3871,-0.3774,71.29,97,95,5.77,overcast clouds
397,Barcelos,PT,41.5388,-8.6151,59.0,82,75,12.66,broken clouds
398,Iquitos,PE,-3.7481,-73.2472,75.2,94,75,1.12,broken clouds
399,Montego Bay,JM,18.4712,-77.9188,78.8,73,20,1.14,few clouds
400,Hami,CN,42.8,93.45,71.44,28,65,2.39,moderate rain
401,Algiers,DZ,36.7525,3.042,64.4,88,75,2.3,broken clouds
402,Douglas,US,41.3,-96.167,63.0,94,90,10.36,overcast clouds
403,Shenjiamen,CN,29.9576,122.298,62.73,86,100,1.79,overcast clouds
404,Chajul,GT,15.4853,-91.0342,62.6,88,90,2.46,overcast clouds
405,Lastoursville,GA,-0.8143,12.7287,72.36,98,100,0.36,overcast clouds
406,High Level,CA,58.5169,-117.136,44.6,76,75,11.5,broken clouds
407,Gaillac,FR,43.9016,1.8969,50.0,100,0,3.44,clear sky
408,San Policarpo,PH,12.1791,125.5072,83.79,83,100,12.53,overcast clouds
409,Westport,US,41.1415,-73.3579,60.8,72,1,4.61,clear sky
410,Kangaatsiaq,GL,68.3065,-53.4641,35.15,80,66,4.23,broken clouds
411,Biu,NG,10.6129,12.1946,72.97,72,91,5.97,overcast clouds
412,Pljevlja,ME,43.3333,19.3333,39.2,100,0,2.3,clear sky
413,Saint-Francois,FR,46.4154,3.9054,46.4,87,75,4.61,broken clouds
414,Hambantota,LK,6.1241,81.1185,86.0,84,20,8.05,few clouds
415,Omboue,GA,-1.5746,9.2618,76.64,92,100,5.35,moderate rain
416,Chapais,CA,49.7834,-74.8492,50.0,87,90,9.22,overcast clouds
417,Bay Roberts,CA,47.5999,-53.2648,34.0,92,10,1.01,clear sky
418,Honiara,SB,-9.4333,159.95,86.38,70,67,7.49,broken clouds
419,Tawang,IN,27.5833,91.8667,60.17,65,94,5.75,overcast clouds
420,Cascais,PT,38.6979,-9.4215,60.01,75,68,7.11,broken clouds
421,Moron,AR,-34.6534,-58.6198,52.0,100,60,2.3,mist
422,Vagur,FO,61.4732,-6.8119,41.25,78,100,25.17,overcast clouds
423,Kisangani,CD,0.5167,25.2,68.77,99,100,1.43,overcast clouds
424,Tromso,NO,69.6496,18.957,46.99,81,75,18.41,light rain
425,Am Timan,TD,11.0297,20.2827,82.53,49,99,5.03,overcast clouds
426,Oranjemund,NA,-28.55,16.4333,59.02,62,0,3.31,clear sky
427,Iqaluit,CA,63.7506,-68.5145,33.8,86,90,32.21,snow
428,Tiberias,IL,32.7922,35.5312,66.0,77,0,2.3,clear sky
429,Wajir,KE,1.7471,40.0573,77.0,78,40,2.3,scattered clouds
430,Salalah,OM,17.0151,54.0924,84.2,79,20,4.61,few clouds
431,Noumea,NC,-22.2763,166.4572,75.99,78,90,18.41,overcast clouds
432,Praia,CV,14.9215,-23.5087,69.8,73,20,6.91,few clouds
433,Ust-Maya,RU,60.4167,134.5333,47.17,33,22,5.01,few clouds
434,Mahibadhoo,MV,3.7833,72.9667,84.43,74,30,13.22,scattered clouds
435,Mayumba,GA,-3.432,10.6554,77.58,88,100,3.04,overcast clouds
436,Zyryanka,RU,65.75,150.85,55.36,34,76,9.44,broken clouds
437,Vila Velha,BR,-20.3297,-40.2925,66.99,94,0,2.3,clear sky
438,Half Moon Bay,US,37.4636,-122.4286,55.99,87,90,10.36,overcast clouds
439,Praia Da Vitoria,PT,38.7333,-27.0667,61.0,82,75,12.62,broken clouds
440,Koutsouras,GR,35.0339,25.9469,69.96,65,0,1.54,clear sky
441,Sayyan,YE,15.1718,44.3244,66.47,47,44,2.01,scattered clouds
442,Myingyan,MM,21.4667,95.3833,95.0,52,40,10.36,scattered clouds
443,Odweyne,SO,9.4092,45.064,75.97,63,95,10.29,overcast clouds
444,Isla Mujeres,MX,21.2311,-86.731,82.4,78,40,9.22,scattered clouds
445,Mizdah,LY,31.4451,12.9801,73.94,17,2,5.28,clear sky
446,Kapoeta,SS,4.7717,33.5903,76.1,69,41,2.77,light rain
447,Paamiut,GL,61.994,-49.6678,37.15,64,11,4.88,few clouds
448,Aswan,EG,24.0934,32.907,78.85,26,0,7.67,clear sky
449,Bayanday,RU,53.0661,105.5139,52.32,35,73,10.63,broken clouds
450,Sabha,LY,27.0377,14.4283,77.86,18,95,11.25,overcast clouds
451,Sao Filipe,CV,14.8961,-24.4956,73.45,73,91,6.58,overcast clouds
452,Villanueva De Cordoba,ES,38.3228,-4.6287,55.4,71,0,2.3,clear sky
453,Vostok,RU,46.4856,135.8833,74.28,24,2,8.79,clear sky
454,Wairoa,NZ,-39.0333,177.3667,64.0,47,20,4.0,few clouds
455,Banda Aceh,ID,5.5577,95.3222,81.81,75,100,11.77,moderate rain
456,Sioux Lookout,CA,50.1001,-91.917,68.0,49,40,5.75,scattered clouds
457,Cidreira,BR,-30.1811,-50.2056,56.17,78,0,9.06,clear sky
458,Ust-Koksa,RU,50.2696,85.6108,63.7,59,12,1.66,few clouds
459,Ginir,ET,7.1333,40.7,61.21,77,92,3.49,overcast clouds
460,Kichera,RU,55.9375,110.0997,40.64,33,96,9.35,overcast clouds
461,Tombouctou,ML,20.0,-3.0,91.78,11,71,7.34,broken clouds
462,Griffith,US,41.5284,-87.4237,61.0,94,90,6.91,overcast clouds
463,Binika,IN,21.0333,83.8,99.45,38,46,9.08,scattered clouds
464,Grenfell,AU,-33.9,148.1667,57.36,47,0,5.99,clear sky
465,San Pedro,PH,14.35,121.0167,93.2,59,75,10.36,broken clouds
466,Chaman,PK,30.9236,66.4512,78.76,9,0,5.41,clear sky
467,Kalisz,PL,51.7611,18.091,49.01,95,100,8.88,light rain
468,Awbari,LY,26.5921,12.7805,77.81,15,62,7.05,broken clouds
469,Sur,OM,22.5667,59.5289,90.79,43,4,6.2,clear sky
470,Itarema,BR,-2.9248,-39.9167,75.63,87,0,8.41,clear sky
471,Norton Shores,US,43.1689,-86.2639,57.99,82,1,5.23,clear sky
472,Antofagasta,CL,-23.65,-70.4,55.4,82,0,3.44,clear sky
473,Emba,KZ,48.8264,58.1442,77.02,34,75,7.58,broken clouds
474,Barhi,IN,23.9,80.8,87.17,56,32,5.75,light rain
475,Salcininkai,LT,54.3,25.3833,55.4,94,75,12.66,heavy intensity rain
476,Sterling,US,39.0062,-77.4286,59.0,82,1,3.76,clear sky
477,Tomatlan,MX,19.9333,-105.25,73.65,73,0,2.26,clear sky
478,Kamyshevatskaya,RU,46.4132,37.9563,60.26,85,92,16.31,overcast clouds
479,Bam,IR,29.106,58.357,87.06,12,0,9.44,clear sky
480,Lompoc,US,34.6391,-120.4579,55.4,82,90,11.5,overcast clouds
481,Moyale,KE,3.5167,39.0584,66.09,91,99,7.85,light rain
482,Banjar,ID,-8.19,114.9675,84.2,84,40,13.8,scattered clouds
483,Bakel,SN,14.905,-12.4568,90.48,18,86,7.78,overcast clouds
484,Komsomolskiy,UZ,40.4272,71.7189,77.0,25,2,4.61,clear sky
485,Kizema,RU,61.113,44.8302,59.76,68,59,6.11,broken clouds
486,Tosya,TR,41.0155,34.0401,57.54,63,57,2.04,broken clouds
487,Byron Bay,AU,-28.65,153.6167,68.0,88,75,6.91,broken clouds
488,Waterford,US,42.7023,-83.4027,57.2,67,75,4.83,broken clouds
489,Laramie,US,41.3114,-105.5911,48.0,81,1,13.8,clear sky
490,Porto Belo,BR,-27.1578,-48.5531,64.4,82,0,5.14,clear sky
491,Bella Union,UY,-30.2752,-57.6007,49.66,73,16,6.06,few clouds
492,Cazones,MX,20.7167,-97.3167,79.39,89,33,9.31,scattered clouds
493,Lagoa,PT,39.05,-27.9833,60.31,78,89,17.31,overcast clouds
494,Lavrentiya,RU,65.5833,-171.0,30.49,91,98,4.56,overcast clouds
495,Zlobin,HR,45.2924,14.6541,50.0,87,0,2.75,clear sky
496,Shakiso,ET,5.75,38.9167,61.11,96,99,0.22,overcast clouds
497,Aksu,CN,41.1231,80.2644,72.28,21,0,8.23,clear sky
498,Rabo De Peixe,PT,37.8,-25.5833,62.6,88,75,9.22,broken clouds
499,Brae,GB,60.3964,-1.353,46.4,93,90,6.91,overcast clouds
500,Altamira,BR,-3.2033,-52.2064,71.69,99,100,1.32,moderate rain
501,Luderitz,NA,-26.6481,15.1594,61.32,48,0,4.61,clear sky
502,Ahipara,NZ,-35.1667,173.1667,59.4,66,99,16.35,overcast clouds
503,Mareeba,AU,-17.0,145.4333,82.0,65,90,18.41,overcast clouds
504,Gboko,NG,7.3179,8.9951,77.23,75,96,5.57,overcast clouds
505,Guerrero Negro,MX,27.9769,-114.0611,59.99,80,10,20.51,clear sky
506,Otavi,NA,-19.65,17.3333,58.28,36,2,6.96,clear sky
507,Sanlucar La Mayor,ES,37.3871,-6.2011,66.99,53,2,5.82,clear sky
508,Sangar,RU,63.9242,127.4739,37.65,48,100,4.34,overcast clouds
509,Sitka,US,57.0531,-135.33,48.2,61,90,11.5,overcast clouds
510,Nizip,TR,37.0097,37.7942,60.8,63,0,5.68,clear sky
511,Jumla,NP,29.2747,82.1838,59.02,76,100,3.42,overcast clouds
512,Ahar,IR,38.4774,47.0699,67.17,30,1,5.75,clear sky
513,Lalin,ES,42.7167,-8.1167,55.99,94,75,11.5,light rain
514,Port Hardy,CA,50.6996,-127.4199,41.0,93,90,8.05,moderate rain
515,Havoysund,NO,70.9963,24.6622,41.0,100,75,8.05,fog
516,Marshall,US,34.3834,-86.3333,73.0,60,1,3.44,clear sky
517,Juliaca,PE,-15.5,-70.1333,39.29,82,89,1.5,overcast clouds
518,Mongu,ZM,-15.2484,23.1274,57.02,53,0,4.72,clear sky
519,Kismayo,SO,-0.3582,42.5454,79.77,79,99,13.2,overcast clouds
520,Vuktyl,RU,63.8567,57.3094,50.13,58,49,7.36,scattered clouds
521,Padang,ID,-0.9492,100.3543,80.6,78,40,4.61,scattered clouds
522,Jinxiang,CN,27.4327,120.6062,67.73,92,100,6.98,light rain
523,Kruisfontein,ZA,-34.0033,24.7314,49.5,69,45,6.96,scattered clouds
524,Kontagora,NG,10.3999,5.4695,78.1,76,55,5.23,broken clouds
525,Asau,RO,46.4333,26.4,52.0,64,100,12.41,overcast clouds
526,Ugoofaaru,MV,5.6667,73.0,84.96,72,96,15.84,overcast clouds
527,Acapulco,MX,16.8634,-99.8901,82.69,69,0,6.62,clear sky
528,Poole,GB,50.7167,-2.0,46.0,90,11,9.08,few clouds
529,Texarkana,US,33.4251,-94.0477,69.8,83,1,4.61,clear sky
530,Hoima,UG,1.4356,31.3436,62.67,96,98,2.98,overcast clouds
531,Bahir Dar,ET,11.5936,37.3908,64.27,78,95,3.87,overcast clouds
532,Kirovskiy,RU,45.0917,133.5136,78.39,33,0,8.55,clear sky
533,Campo Gobierno,MX,24.6536,-107.5411,77.0,73,1,2.95,clear sky
534,Labuhan,ID,-6.8844,112.2051,87.06,58,100,3.4,overcast clouds
535,Canaries,ES,28.0,-15.5,68.0,73,20,24.16,few clouds
536,Yinchuan,CN,38.4681,106.2731,75.45,12,9,4.0,clear sky
537,Koroni,GR,36.8,21.95,64.0,82,20,7.67,few clouds
538,Sobolevo,RU,54.4299,31.8996,61.56,95,100,10.18,overcast clouds
539,Xifeng,CN,42.7372,124.7222,82.94,22,3,17.78,clear sky
540,Trairi,BR,-3.2778,-39.2689,74.75,89,1,5.66,clear sky
541,Bairiki,KI,1.3292,172.9752,86.0,79,40,6.91,light rain
542,Inhambane,MZ,-23.865,35.3833,69.8,88,20,4.61,few clouds
543,Pundaguitan,PH,6.3711,126.1689,81.61,79,95,3.44,overcast clouds
544,Male,MV,4.1748,73.5089,87.8,79,20,10.36,few clouds
545,Impfondo,CG,1.6381,18.0667,71.06,99,100,1.61,light rain
546,Manaus,BR,-3.1019,-60.025,78.8,100,20,1.81,few clouds
547,Seydi,TM,39.4816,62.9137,84.87,9,0,2.57,clear sky
548,Camana,PE,-16.6228,-72.7111,65.3,83,49,5.82,scattered clouds
549,Springdale,US,36.1867,-94.1288,66.2,94,20,4.61,few clouds
550,Iskateley,RU,67.6803,53.1512,44.19,44,90,8.61,overcast clouds
551,Bundaberg,AU,-24.85,152.35,75.2,46,2,18.41,clear sky
552,Erenhot,CN,43.6475,111.9767,78.08,12,6,18.99,clear sky
553,Nosy Varika,MG,-20.5833,48.5333,69.6,88,16,3.83,few clouds
554,Oussouye,SN,12.485,-16.5469,75.2,83,0,4.61,clear sky
555,Porto Santo,PT,33.072,-16.3415,64.4,77,40,8.05,scattered clouds
556,Safranbolu,TR,41.2508,32.6942,57.65,75,37,2.13,scattered clouds
557,Kuito,AO,-12.3833,16.9333,52.34,67,2,2.73,clear sky
558,Oranjestad,AW,12.524,-70.027,80.6,83,20,20.71,few clouds
559,Sao Domingos Do Maranhao,BR,-5.5758,-44.3853,73.49,85,89,2.73,overcast clouds
560,Lac Du Bonnet,CA,50.2536,-96.0612,68.94,46,11,10.6,few clouds
561,Teguise,ES,29.0605,-13.564,66.2,82,0,24.16,clear sky
562,Bakchar,RU,57.0186,82.0711,57.72,86,98,8.32,overcast clouds
563,Shadegan,IR,30.6497,48.6647,86.0,37,0,4.61,clear sky
564,Santa Maria,BR,-29.6842,-53.8069,50.0,100,0,2.3,clear sky
565,Ibra,OM,22.6906,58.5334,90.9,18,16,2.15,few clouds
566,Aklavik,CA,68.2191,-135.0107,50.0,37,17,8.05,few clouds
567,Tyup,KG,42.7276,78.3648,59.83,35,0,4.23,clear sky
568,Cockburn Town,TC,21.4612,-71.1419,79.39,79,33,16.49,scattered clouds
569,Stepnyak,KZ,52.8339,70.7803,78.96,32,12,11.43,few clouds
570,Clyde River,CA,70.4692,-68.5914,17.6,93,90,6.91,snow
571,Palmas De Monte Alto,BR,-14.2672,-43.1619,67.46,60,67,3.76,broken clouds
572,Makakilo City,US,21.3469,-158.0858,78.8,57,1,10.36,clear sky
573,Sinegorskiy,RU,48.0139,40.8447,64.04,86,100,24.61,light rain
574,Staryy Nadym,RU,65.6118,72.6842,39.83,62,99,14.07,overcast clouds
575,Yeppoon,AU,-23.1333,150.7333,78.8,34,0,11.5,clear sky
576,Stornoway,GB,58.2093,-6.3865,46.0,100,90,3.11,overcast clouds
577,Quime,BO,-16.9833,-67.2167,47.35,91,100,2.26,overcast clouds
578,Wonthaggi,AU,-38.6044,145.5913,60.01,77,78,11.27,broken clouds
579,Kaeo,NZ,-35.1,173.7833,63.0,65,70,17.0,broken clouds
580,Tongren,CN,27.7172,109.1853,60.96,96,98,1.28,overcast clouds
581,Iberia,US,29.9502,-91.7507,68.0,100,75,18.41,heavy intensity rain
582,Pahalgam,IN,34.0333,75.3333,57.52,49,2,4.47,clear sky
583,Armeria,MX,18.9333,-103.9667,75.99,78,0,2.28,clear sky
584,Sorong,ID,-0.8833,131.25,82.98,76,49,3.76,scattered clouds
585,Waipawa,NZ,-41.4122,175.5153,55.4,58,20,11.5,few clouds
586,Iwanai,JP,42.9744,140.5089,65.55,48,91,4.79,overcast clouds
587,Hof,DE,50.3167,11.9167,46.0,93,95,11.01,overcast clouds
588,Port Augusta,AU,-32.5,137.7667,66.2,37,12,10.36,few clouds
589,Alampur,IN,15.8833,78.15,90.54,46,29,7.27,scattered clouds
590,Bonthe,SL,7.5264,-12.505,79.39,88,100,5.01,overcast clouds
591,Lahij,YE,13.1667,44.5833,87.37,48,95,2.55,overcast clouds
592,Pavilosta,LV,56.8879,21.1859,46.4,100,20,3.69,few clouds
593,Tenali,IN,16.2425,80.6398,91.4,70,40,6.91,scattered clouds
594,Fort Nelson,CA,58.8053,-122.7002,51.8,50,75,11.5,broken clouds
595,Biak,ID,-0.9131,122.8766,83.23,70,100,7.52,overcast clouds
596,Nadym,RU,65.5333,72.5167,40.03,63,99,14.34,overcast clouds
597,Boden,SE,65.8252,21.6886,42.8,100,90,10.36,mist
598,Grindavik,IS,63.8424,-22.4338,41.0,70,75,2.3,broken clouds
599,Togur,RU,58.3631,82.8265,48.36,86,100,9.13,overcast clouds
600,Maraa,BR,-1.8333,-65.3667,73.17,94,83,2.48,broken clouds
601,Zunyi,CN,27.6867,106.9072,62.69,85,100,2.19,overcast clouds
602,Northam,GB,51.0333,-4.2167,48.99,94,28,7.0,scattered clouds
603,Myrtle Beach,US,33.6891,-78.8867,69.8,68,1,3.44,clear sky
604,Kraslava,LV,55.8951,27.168,54.14,98,93,7.0,overcast clouds
605,Taikang,CN,46.8333,124.4167,82.4,17,36,10.45,scattered clouds
606,La Fria,VE,8.2203,-72.2439,73.45,85,98,3.89,overcast clouds
607,Sechura,PE,-5.5569,-80.8222,68.99,77,39,10.16,scattered clouds
608,Bedford,GB,52.1346,-0.4663,43.0,94,90,1.01,overcast clouds
609,Novopskov,UA,49.5464,39.0899,63.63,84,85,6.22,overcast clouds
610,Bemidji,US,47.4736,-94.8803,64.4,48,1,5.75,clear sky
611,Bima,ID,-8.4667,118.7167,87.6,62,100,5.44,overcast clouds
612,Pinega,RU,64.7001,43.3936,60.57,61,98,7.0,overcast clouds
613,Lipari,IT,38.4674,14.954,66.99,73,32,3.0,scattered clouds
614,Castelo Do Piaui,BR,-5.3222,-41.5525,74.91,68,71,2.01,broken clouds
615,Rangapara,IN,26.8167,92.65,75.56,88,100,5.19,overcast clouds
616,Gazli,UZ,40.1333,63.45,85.75,10,0,4.56,clear sky
617,Dubbo,AU,-32.25,148.6167,62.6,39,0,6.91,clear sky
618,Quilmana,PE,-12.95,-76.3833,65.82,80,13,2.77,few clouds
619,Vizinga,RU,61.0749,50.1031,57.36,71,85,3.87,overcast clouds
620,Lander,US,42.833,-108.7307,62.6,39,40,10.36,scattered clouds
621,Brigantine,US,39.4101,-74.3646,59.0,62,1,4.61,clear sky
622,Tiarei,PF,-17.5333,-149.3333,84.0,69,75,5.75,light rain
623,Colac,AU,-38.3333,143.5833,57.99,81,6,3.0,clear sky
624,Waslala,NI,13.2333,-85.3833,72.7,87,41,2.17,scattered clouds
625,Berbera,SO,10.4396,45.0143,90.45,45,97,4.18,overcast clouds
626,Cururupu,BR,-1.8283,-44.8683,74.12,97,92,1.68,overcast clouds
627,Garowe,SO,8.4054,48.4845,81.82,60,100,18.48,overcast clouds
628,Murdochville,CA,48.9583,-65.5006,55.4,67,13,8.05,few clouds
629,Basco,PH,20.4487,121.9702,82.85,85,57,14.5,broken clouds
630,Sept-Iles,CA,50.2001,-66.3821,42.8,100,75,5.75,broken clouds
631,Los Llanos De Aridane,ES,28.6585,-17.9182,66.2,77,0,13.8,clear sky
632,Campos Altos,BR,-19.6961,-46.1714,58.48,58,99,4.21,light rain
633,Ambulu,ID,-8.345,113.6058,85.28,65,74,7.23,broken clouds
634,Xapuri,BR,-10.6517,-68.5044,73.85,82,16,2.13,few clouds
635,Cumbal,CO,0.9088,-77.7915,47.8,93,99,2.15,overcast clouds
636,Lata,PT,40.1629,-8.3327,54.0,85,85,1.61,overcast clouds
637,Woodstock,CA,43.1334,-80.7497,57.99,62,20,4.38,few clouds
638,Moerai,PF,-22.4333,-151.3333,76.23,74,79,22.82,broken clouds
639,Ankazoabo,MG,-22.2833,44.5167,62.65,68,0,8.05,clear sky
640,Boa Vista,BR,2.8197,-60.6733,80.6,78,75,5.75,broken clouds
641,Maracaibo,VE,10.6317,-71.6406,79.81,84,84,11.68,broken clouds
642,Shingu,JP,33.7333,135.9833,75.2,83,75,10.36,moderate rain
643,Halifax,CA,44.6453,-63.5724,46.99,87,9,1.14,clear sky
644,Altay,CN,47.8667,88.1167,67.93,40,10,6.02,clear sky
645,Phan Thiet,VN,10.9333,108.1,90.19,58,83,8.28,broken clouds
646,Guaratinga,BR,-16.5667,-39.5667,68.0,94,0,3.44,clear sky
647,Rypefjord,NO,70.6333,23.6667,41.0,87,40,10.36,light rain
648,Winsum,NL,53.33,6.5208,46.0,100,58,4.61,broken clouds
649,Akyab,MM,20.15,92.9,88.95,65,53,9.55,broken clouds
650,Balikpapan,ID,-1.2675,116.8289,81.82,83,99,5.53,overcast clouds
651,Truth Or Consequences,US,33.1284,-107.2528,69.01,19,1,14.97,clear sky
652,Mecca,SA,21.4267,39.8261,84.29,12,0,3.29,clear sky
653,Biryusinsk,RU,55.9634,97.8235,47.43,54,100,5.73,overcast clouds
654,Kampot,KH,10.6167,104.1833,86.0,84,40,2.3,scattered clouds
655,Vestmannaeyjar,IS,63.4427,-20.2734,39.2,87,100,5.86,overcast clouds
656,Port Said,EG,31.2565,32.2841,69.8,78,40,6.91,scattered clouds
657,Kidal,ML,18.4411,1.4078,89.28,10,38,3.67,scattered clouds
658,Vacha,RU,55.8008,42.7706,66.24,67,78,8.79,broken clouds
659,Gigmoto,PH,13.7796,124.39,85.12,77,99,10.29,overcast clouds
660,Vila Franca Do Campo,PT,37.7167,-25.4333,62.6,88,75,9.22,broken clouds
661,San Ramon De La Nueva Oran,AR,-23.1322,-64.326,66.0,99,100,1.88,overcast clouds
662,Salinopolis,BR,-0.6136,-47.3561,77.76,86,100,6.96,overcast clouds
663,Bossangoa,CF,6.4926,17.4552,72.19,88,100,4.21,overcast clouds
664,Bayir,TR,37.2687,28.2167,57.2,82,0,4.61,clear sky
665,Whitianga,NZ,-36.8333,175.7,60.01,76,14,11.01,few clouds
666,Galle,LK,6.0367,80.217,85.78,71,32,9.04,scattered clouds
667,Agua Verde,MX,22.9,-106.05,80.01,88,1,3.44,clear sky
668,Timmins,CA,48.4669,-81.3331,50.0,93,40,3.44,light rain
669,Melbu,NO,68.5044,14.8297,48.99,83,100,15.01,light rain
670,Santa Rosalia,MX,27.3167,-112.2833,69.46,47,0,11.43,clear sky
671,Oistins,BB,13.0667,-59.5333,80.6,69,40,18.41,scattered clouds
672,Ranong,TH,9.9658,98.6348,86.0,84,75,3.44,broken clouds
673,Kimbe,PG,-5.5502,150.1429,87.51,67,48,4.03,light rain
674,Tambopata,PE,-12.7333,-69.1833,70.34,98,53,1.79,broken clouds
675,Itoman,JP,26.1247,127.6694,89.6,84,75,10.36,broken clouds
676,Jacobina,BR,-11.1806,-40.5183,63.25,98,10,2.95,clear sky
677,Puerto Narino,CO,-3.7703,-70.3831,77.0,100,75,1.81,broken clouds
678,Tezu,IN,27.9167,96.1667,70.56,96,100,3.13,overcast clouds
679,Bulgan,MN,48.8125,103.5347,60.6,40,100,12.88,overcast clouds
680,Jijiang,CN,29.2906,106.2542,75.2,60,40,2.24,scattered clouds
681,Kazuno,JP,40.1836,140.7872,69.8,52,75,10.36,broken clouds
682,Pitimbu,BR,-7.4706,-34.8086,73.4,100,75,4.61,broken clouds
683,Pitea,SE,65.3172,21.4794,42.8,100,90,10.36,mist
684,Burns Lake,CA,54.2331,-125.7533,50.0,53,99,2.3,overcast clouds
685,Nemuro,JP,43.3236,145.575,62.6,48,20,9.22,few clouds
686,San Andres,CO,12.5847,-81.7006,82.4,74,75,9.22,broken clouds
687,Vila Do Maio,CV,15.1333,-23.2167,69.8,73,20,6.91,few clouds
688,Cap Malheureux,MU,-19.9842,57.6142,75.99,70,39,7.0,scattered clouds
689,Juneau,US,58.3019,-134.4197,53.6,47,20,11.5,few clouds
690,Sisophon,KH,13.5859,102.9737,92.95,54,97,3.87,overcast clouds
691,Zaraza,VE,9.3503,-65.3245,78.1,79,61,4.23,broken clouds
692,Yenagoa,NG,4.9247,6.2642,76.66,91,99,3.36,overcast clouds
